id,country,country_code
1,Mexico,MX
2,Norway,NO
3,Iran,IR
4,China,CN
5,Thailand,TH
6,Saint Martin,MF
7,Ireland,IE
8,China,CN
9,Argentina,AR
10,China,CN
11,Jamaica,JM
12,China,CN
13,Armenia,AM
14,Philippines,PH
15,China,CN
16,Philippines,PH
17,Poland,PL
18,China,CN
19,Czech Republic,CZ
20,China,CN
21,China,CN
22,Colombia,CO
23,Portugal,PT
24,Poland,PL
25,China,CN
26,Japan,JP
27,United States,US
28,China,CN
29,Venezuela,VE
30,Morocco,MA
31,Mongolia,MN
32,Portugal,PT
33,Albania,AL
34,Poland,PL
35,Peru,PE
36,China,CN
37,Indonesia,ID
38,Thailand,TH
39,Ukraine,UA
40,China,CN
41,Indonesia,ID
42,China,CN
43,Brazil,BR
44,China,CN
45,France,FR
46,Uganda,UG
47,Vietnam,VN
48,Canada,CA
49,Norway,NO
50,Guatemala,GT
51,Philippines,PH
52,Russia,RU
53,Indonesia,ID
54,Portugal,PT
55,Poland,PL
56,Brazil,BR
57,Jamaica,JM
58,China,CN
59,United States,US
60,China,CN
61,China,CN
62,Indonesia,ID
63,France,FR
64,China,CN
65,Kazakhstan,KZ
66,Russia,RU
67,Malaysia,MY
68,France,FR
69,Canada,CA
70,Indonesia,ID
71,Portugal,PT
72,Montenegro,ME
73,Mongolia,MN
74,China,CN
75,China,CN
76,Canada,CA
77,Russia,RU
78,Brazil,BR
79,Peru,PE
80,United States,US
81,Indonesia,ID
82,Indonesia,ID
83,China,CN
84,Indonesia,ID
85,Ireland,IE
86,Argentina,AR
87,Indonesia,ID
88,Venezuela,VE
89,China,CN
90,Uruguay,UY
91,Slovenia,SI
92,Thailand,TH
93,Czech Republic,CZ
94,China,CN
95,China,CN
96,France,FR
97,Russia,RU
98,Sweden,SE
99,Russia,RU
100,Indonesia,ID
