id,movie_title,id_seller
1,Return to Lonesome Dove,14
2,Major League II,33
3,Megamind,38
4,The Open Road,13
5,Forks Over Knives,22
6,Culloden (The Battle of Culloden),13
7,Adventures of Don Juan,11
8,Hotel Reserve,20
9,Upstairs and Downstairs,44
10,Wedding Crashers,19
11,The Emperor's Candlesticks,42
12,Micki + Maude,10
13,"Misérables, Les",17
14,"Game, The",35
15,Lammbock,20
16,Across the Wide Missouri,6
17,There's Always A Woman,23
18,Taxi,35
19,Skenbart: En film om tåg,7
20,Cloak & Dagger,25
21,Wild Rovers,24
22,Stateside,44
23,Elektra,9
24,Magicians,28
25,From Beyond,40
26,Outskirts (Okraina),40
27,Sexual Dependency (Dependencia sexual),28
28,Crisis (Kris),34
29,American Swing,32
30,Love & Savagery,43
31,Campfire Tales,32
32,Nice Guys Sleep Alone,17
33,Up at the Villa,27
34,"Challenge, The",14
35,"Suburbans, The",40
36,"Second Woman, The",3
37,The New Centurions,23
38,Bastards,21
39,Closing the Ring,12
40,Burnt Offerings,30
41,Daydream Nation,17
42,"Northerners, The (De noorderlingen)",13
43,"Wind and the Lion, The",50
44,Triad Underworld (Gong wu) (Jiang Hu),32
45,Dr. Ehrlich's Magic Bullet,46
46,Only You,8
47,Nas: Time Is Illmatic,29
48,Five Days One Summer,23
49,"Welcome Home, Roscoe Jenkins",31
50,Drugstore Cowboy,3
51,Pirates,47
52,Life Is Hot in Cracktown,50
53,18 Years Later (Diciotto anni dopo),38
54,"Soldier's Daughter Never Cries, A",46
55,Baby Geniuses,21
56,Secret Sunshine (Milyang),42
57,"Tree Grows in Brooklyn, A",22
58,Hitman's Run,40
59,Black Widow,3
60,Hawaii,24
61,Earthquake,35
62,Tap,9
63,Fade to Black,15
64,Rendition,29
65,Dirty Rotten Scoundrels,30
66,Ironclad,24
67,Protocol,29
68,Dread,16
69,Memories of Matsuko (Kiraware Matsuko no isshô),2
70,Titan A.E.,38
71,In the Park,34
72,"Le printemps, l'automne et l'amour",26
73,Halloween is Grinch Night,8
74,Manual of Love 2 (Manuale d'amore (capitoli successivi)),25
75,"Arise, My Love",10
76,"Man Without a Past, The (Mies vailla menneisyyttä)",23
77,West of Zanzibar,37
78,Invisible Ghost,19
79,Lady Killer,31
80,The Ghosts in Our Machine,26
81,We Cause Scenes,31
82,Rasputin and the Empress,31
83,Wild River,3
84,Sweepers,25
85,Deathtrap,44
86,Mystics in Bali (Leák),1
87,SLC Punk!,18
88,Hand in Hand,42
89,"Rocky Saga: Going the Distance, The",14
90,Quest for a Heart (Röllin sydän),24
91,Triage,28
92,Kukuli,43
93,"Guest, The",7
94,"Way We Were, The",2
95,Risky Business,18
96,Bananas!*,23
97,Witness,20
98,"Replacement Killers, The",38
99,Lucifer Rising,30
100,"Art of Dying, The (El Arte de Morir)",32
101,Mr. Robinson Crusoe,18
102,Carrie,50
103,Riders of the Purple Sage,48
104,In the Land of Blood and Honey,31
105,Children (Börn),39
106,Buffalo '66 (a.k.a. Buffalo 66),22
107,"Suitor, The (Soupirant, Le)",20
108,Betty,39
109,You Ain't Seen Nothin' Yet (Vous n'avez encore rien vu),38
110,ATL,1
111,I Shot a Man in Vegas,50
112,Dragon: The Bruce Lee Story,3
113,Action Jackson,19
114,Gulliver's Travels,20
115,"Cowboy Way, The",19
116,"Marksman, The",16
117,La discrète,49
118,Sonic Outlaws,19
119,"Making of a Legend: Gone with the Wind, The",3
120,Empire of the Ants,9
121,"Countess from Hong Kong, A",30
122,All the Real Girls,25
123,+1,17
124,Gravity (Schwerkraft),36
125,That Guy... Who Was in That Thing,31
126,Dark Habits (Entre tinieblas),30
127,"Spaghetti West, The",9
128,Conan the Destroyer,45
129,Heartbreak Hotel,39
130,Annabel Takes a Tour (Annabel Takes a Trip),39
131,Go Tigers!,32
132,Quill,14
133,God Said 'Ha!',8
134,"Vida precoz y breve de Sabina Rivas, La (Precocious and Brief Life of Sabina Rivas, The)",10
135,Bonnie and Clyde,36
136,The Mystery of the Leaping Fish,21
137,United,39
138,Pickup on South Street,2
139,Triggermen,12
140,Soldier Blue,37
141,Sandra of a Thousand Delights (Vaghe stelle dell'Orsa...),43
142,"Celebration, The (Festen)",10
143,Jackass: The Movie,35
144,Captain Abu Raed,17
145,Man at Bath (Homme au bain),50
146,"24th Day, The",37
147,Party Monster,30
148,National Lampoon's Vacation,21
149,Brother Minister: The Assassination of Malcolm X,48
150,The Kick,9
151,Carnal Knowledge,33
152,Fighting Elegy (Kenka erejii),30
153,"Hi-Line, The",25
154,Léon: The Professional (a.k.a. The Professional) (Léon),32
155,"Karate Kid, Part III, The",42
156,Home Movie,22
157,Shinobi: Heart Under Blade,45
158,Butterfield 8,8
159,Berta's Motives (Los motivos de Berta: Fantasía de Pubertad),42
160,Gambit,10
161,Restless Souls (Bag det stille ydre),17
162,Cheech & Chong's The Corsican Brothers,9
163,Vai~E~Vem,14
164,How to Live Forever,19
165,Azumi 2: Death or Love,9
166,Joy Ride 2: Dead Ahead,48
167,Joy Division,20
168,Amen,43
169,3 Godfathers,44
170,Masti,23
171,Back Soon,47
172,My Afternoons with Margueritte (La tête en friche),35
173,"Whole Nine Yards, The",25
174,"Easy Riders, Raging Bulls: How the Sex, Drugs and Rock 'N' Roll Generation Saved Hollywood",8
175,"Pretty Village, Pretty Flame (Lepa sela lepo gore)",39
176,Savages,28
177,Enter the Phoenix (Da lao ai mei li),12
178,"Damsel in Distress, A",49
179,"Rocket, The (a.k.a. Maurice Richard)",24
180,Wrong Turn 4,46
181,Imaginary Heroes,41
182,Planet of Snail,25
183,Carbon Copy,43
184,Séraphine,18
185,Trucker,49
186,Dragonworld,7
187,Beethoven's 5th,36
188,Anna Karenina,38
189,Between Your Legs (Entre las piernas),20
190,How to Kill Your Neighbor's Dog,39
191,Ballplayer: Pelotero,15
192,Superman/Doomsday ,34
193,"Three Caballeros, The",7
194,"China Lake Murders, The",5
195,Rhinoceros,18
196,"Brotherhood of Justice, The",11
197,Tormento,48
198,Paulie,5
199,"Extraordinary Adventures of Adèle Blanc-Sec, The",32
200,"Children of Glory (Szabadság, szerelem)",18
201,"Pawnbroker, The",38
202,Juan of the Dead (Juan de los Muertos),24
203,Summertime,7
204,Ride the Pink Horse,40
205,La Rabbia,25
206,Fathom,6
207,"Rendezvous in Paris (Rendez-vous de Paris, Les)",23
208,"King of Marvin Gardens, The",2
209,Little Red Flowers (Kan shang qu hen mei),28
210,Get on the Bus,1
211,Extreme Days,23
212,Terror of Mechagodzilla (Mekagojira no gyakushu),1
213,"Better Place, A",38
214,StarStruck,29
215,Streets of Blood,29
216,Sahara,13
217,"Monk and the Fish, The (Le moine et le poisson)",5
218,"Black Balloon, The",27
219,Heaven's Burning,9
220,976-EVIL II,8
221,Diary of a Nymphomaniac (Diario de una Ninfómana),21
222,Destination Moon,25
223,"Mrs. Brown (a.k.a. Her Majesty, Mrs. Brown)",1
224,Eccentricities of a Blonde-haired Girl (Singularidades de uma Rapariga Loura),8
225,"Legend, The (Legend of Fong Sai-Yuk, The) (Fong Sai Yuk)",25
226,I Hate But Love (Nikui an-chikushô),6
227,Darker Than Night,49
228,Secret Ceremony,14
229,Police,31
230,State Fair,44
231,Malcolm X,48
232,"Exterminating Angel, The (Ángel exterminador, El)",17
233,La Morte Rouge,18
234,Free Zone,45
235,"Sky's the Limit, The",28
236,Married Life,15
237,That Day (Ce jour-là),27
238,Desire: The Vampire,13
239,Set It Off,45
240,3096 Days,39
241,Higher and Higher,9
242,"Box, The",19
243,Pusher II: With Blood on My Hands,47
244,Miehen tie,40
245,Kid Galahad,28
246,Return of the Living Dead: Necropolis,13
247,"Grave, The",4
248,Comes a Horseman,1
249,"Year My Parents Went on Vacation, The (O Ano em Que Meus Pais Saíram de Férias)",23
250,Every Other Week (Varannan vecka),35
251,"Eila, Rampe and Likka",13
252,Lost Horizon,49
253,"Heartbreak Kid, The",18
254,Into the Blue 2: The Reef,35
255,Treasure Island,14
256,Super Mario Bros.,32
257,Jesse Stone: Sea Change,20
258,Scoop,19
259,Adam & Steve,30
260,Get Crazy,28
261,The Lone Wolf Spy Hunt,39
262,Elevator ,26
263,Val Lewton:  The Man in the Shadows,8
264,Panic in the Streets,20
265,These Amazing Shadows,4
266,Ice Age 4: Continental Drift,29
267,"Dead Girl, The",5
268,Heavenly Creatures,46
269,"Hotel New Hampshire, The",8
270,"China Lake Murders, The",14
271,"Life of Reilly, The",33
272,Closely Watched Trains (Ostre sledované vlaky),28
273,Lost Horizon,9
274,"Iron Ladies, The (Satree lek)",19
275,We're Not Married!,16
276,1984 (Nineteen Eighty-Four),27
277,"Hangover, The",15
278,Naqoyqatsi,36
279,Zachariah,50
280,Carriage to Vienna,45
281,Doug's 1st Movie,18
282,"Gaucho, The",25
283,Greenberg,41
284,Won't Anybody Listen?,44
285,Cherry Falls,5
286,Digging for Fire,11
287,Somebody Up There Likes Me,7
288,Parisian Love,41
289,Sahara,8
290,Restless Natives,33
291,Ride Along,22
292,Snarveien (Detour),21
293,Carlos,24
294,Birth of the Living Dead,16
295,Empire Falls,40
296,Hellgate,29
297,Mail Order Bride,14
298,This Time Around,8
299,Dune,47
300,Amos & Andrew,44
301,Bitter Rice (Riso amaro),28
302,"Perfect Man, A",33
303,Young Aphrodites (Mikres Afrodites),27
304,Zombie Apocalypse,40
305,"Bullfighter, The (Matador)",33
306,Winter's Tale,2
307,"War, The",9
308,"Letter to Momo, A (Momo e no tegami)",30
309,"Great Stone Face, The",39
310,"Candidate, The (Kandidaten)",5
311,"Elephant in the Living Room, The",6
312,Ruggles of Red Gap,28
313,"Patsy, The",41
314,Secondhand Lions,13
315,Seance on a Wet Afternoon,36
316,Wild River,13
317,S.O.S. Coast Guard,36
318,Katzelmacher,4
319,"Great Passage, The (Fune wo amu)",24
320,So It Goes (Korsoteoria),13
321,Battle Royale 2: Requiem (Batoru rowaiaru II: Chinkonka),27
322,Summer of '04 (Sommer '04),25
323,Kickboxer 2: The Road Back,3
324,"Alarmist, The (a.k.a. Life During Wartime)",43
325,Serving Life,10
326,Die! Die! My Darling! (Fanatic),20
327,3 Simoa,27
328,Cowspiracy: The Sustainability Secret,40
329,"Razor's Edge, The",10
330,Pulling John,19
331,Sirocco,25
332,Scatter My Ashes at Bergdorf's,45
333,Splinterheads,19
334,"Adventures of Mark Twain, The",14
335,The Derby Stallion,44
336,Prophecy,41
337,"Case of the Whitechapel Vampire, The",6
338,Kismet,8
339,"Great Ecstasy of Robert Carmichael, The",29
340,Angel Eyes,25
341,Scum,22
342,Howard the Duck,37
343,"Bleeding, The",31
344,Private Lessons (Élève libre),3
345,Broken Arrow,26
346,Creature from the Haunted Sea,48
347,Day of the Animals,17
348,The White Haired Witch of Lunar Kingdom,12
349,"Town Called Hell, A",25
350,Sombre,45
351,Key Largo,16
352,Still Life (Sanxia haoren),13
353,"Wonderful, Horrible Life of Leni Riefenstahl, The (Macht der Bilder: Leni Riefenstahl, Die)",20
354,Sherlock Holmes: Dressed to Kill,14
355,Girl Shy,7
356,Nativity!,26
357,"Man from Utah, The",30
358,Vision Quest,28
359,Valentine Road,12
360,Autumn Spring (Babí léto),35
361,Dinner with Friends,18
362,Argentina latente,38
363,Very Happy Alexander (Alexandre le bienheureux),26
364,Dangerous Davies: The Last Detective,40
365,Sweet Liberty,14
366,"Anderson Tapes, The",50
367,"Journey of August King, The",44
368,Zhou Yu's Train (Zhou Yu de huo che),22
369,Scooby-Doo 2: Monsters Unleashed,8
370,Andrei Rublev (Andrey Rublyov),40
371,Nana,29
372,Made,20
373,Cloudy with a Chance of Meatballs 2,1
374,Puccini for Beginners,37
375,"Beaches of Agnes, The (Plages d'Agnès, Les)",9
376,Short Time,24
377,Slaying the Badger,43
378,The Brass Legend,40
379,"Girl Cut in Two, The (Fille coupée en deux, La)",35
380,One Week,31
381,Dry Summer (Susuz yaz) (Reflections),3
382,CrissCross,6
383,"Topo, El",33
384,"Trip to the Moon, A (Voyage dans la lune, Le)",43
385,Samurai II: Duel at Ichijoji Temple (Zoku Miyamoto Musashi: Ichijôji no kettô),33
386,Wrestling (Bræðrabylta),7
387,What a Girl Wants,46
388,Romancing the Stone,34
389,Tom Petty and the Heartbreakers: Runnin' Down a Dream,49
390,Wall Street: Money Never Sleeps,31
391,Detroit Rock City,38
392,"Botany of Desire, The",10
393,In Between Days,10
394,"Theory of Everything, The",22
395,Resident Evil,31
396,Happy Birthday to Me,35
397,Message in a Bottle,35
398,Young People Fucking (a.k.a. YPF),44
399,Dan in Real Life,39
400,End of Watch,11
401,Cat on a Hot Tin Roof,37
402,Night of the Day of the Dawn of the Son of the Bride of the Return of the Terror,1
403,God Save the King,12
404,Mark Twain,44
405,Kawasaki's Rose ,33
406,All the Mornings of the World (Tous les matins du monde),35
407,Needful Things,47
408,Luster,11
409,Triangle,20
410,"Pirates of Penzance, The",18
411,Last Days,20
412,Irene in Time,13
413,"Cat Returns, The (Neko no ongaeshi)",19
414,Autumn Ball (Sügisball),28
415,Batman,50
416,La montaña rusa,6
417,In My Country (a.k.a. Country of My Skull),5
418,Riding Alone for Thousands of Miles (Qian li zou dan qi),26
419,China Blue,30
420,Elysium,15
421,There Will Be Blood,22
422,Ruby Sparks,46
423,Exporting Raymond,7
424,Apache Country,50
425,Why Do Fools Fall In Love?,39
426,Okie Noodling,5
427,"Cuenca Crime, The (Crimen de Cuenca, El)",40
428,"No Retreat, No Surrender 2: Raging Thunder",9
429,Doing Time on Maple Drive,36
430,Evergreen,23
431,Don,1
432,Quiet City,24
433,Blind Date,6
434,Two of a Kind,5
435,I'm Reed Fish,4
436,We Won't Grow Old Together (Nous ne vieillirons pas ensemble),35
437,DarkWolf,41
438,Alone in the Dark,9
439,Prozac Nation,22
440,"Very Social Secretary, A",25
441,Finian's Rainbow,9
442,Gayby,10
443,Sherlock Holmes and the Secret Weapon,18
444,"Leaning Tower, The (Kalteva torni)",43
445,"So Evil, So Young",39
446,La montaña rusa,29
447,Southern District (Zona Sur),38
448,Southern Comfort,6
449,Rounders,16
450,Daybreak,15
451,"Danube Exodus, The",45
452,Captive Women (1000 Years from Now) (3000 A.D.),47
453,Holiday Spin,11
454,Chained Heat,46
455,Street Mobster (a.k.a. Modern Yakuza: Outlaw Killer) (Gendai yakuza: hito-kiri yota),21
456,Porco Rosso (Crimson Pig) (Kurenai no buta),47
457,Dagon,11
458,From the Hip,31
459,Whirlygirl,33
460,Torremolinos 73,41
461,"Familie, En",10
462,Mondo Topless,37
463,Trader Games (Krach),45
464,False as Water (Falsk som vatten),45
465,Red Heat,11
466,Cave of Forgotten Dreams,26
467,Wimbledon,19
468,Split Second,28
469,Oscar,8
470,Mad Ron's Prevues from Hell,17
471,The Night That Panicked America,18
472,Straight Time,20
473,Bringing Down the House,43
474,Batman Unmasked: The Psychology of the Dark Knight,20
475,Countdown,35
476,Mask,10
477,They All Laughed,49
478,Millennium Actress (Sennen joyû),34
479,Flight of the Conchords: A Texan Odyssey,15
480,Lonely Hearts,49
481,"Spanish Prisoner, The",21
482,"Sign of Leo, The (Signe du lion, Le)",30
483,Ninja III: The Domination,12
484,"Institute Benjamenta, or This Dream People Call Human Life",38
485,Reel Injun,48
486,Hereafter,34
487,No Small Affair,25
488,"Man from Nowhere, The (Ajeossi)",11
489,Psycho III,39
490,Vampire Hunter D,45
491,Lake Mungo,15
492,The Invisible Boy,37
493,"Nude Bomb, The",42
494,"Foot Fist Way, The",4
495,"Witch Who Came from the Sea, The",14
496,Konga,38
497,Flight of Fury,28
498,Pinocchio and the Emperor of the Night,43
499,Angela,30
500,September,22
501,At Any Price,41
502,Get Him to the Greek,20
503,XX/XY,35
504,"Super Inframan, The (Zhong guo chao ren)",14
505,Queen of Hearts,17
506,Sleep Dealer,35
507,Turbulence,14
508,"Wool Cap, The",39
509,No Good Deed (a.k.a. The House on Turk Street),11
510,"Simple Plan, A",15
511,Flashpoint,19
512,Citizen Cohn,44
513,Inspector Palmu's Error (Komisario Palmun erehdys),49
514,Stars and Bars,48
515,Miguel and William (Miguel y William),46
516,Bjarnfreðarson,4
517,Ghostbusters (a.k.a. Ghost Busters),11
518,Committed,42
519,Going Postal,21
520,Whoopee!,6
521,Illustrious Corpses (Cadaveri eccellenti),2
522,"Big Boss, The (Fists of Fury) (Tang shan da xiong)",31
523,The Linguists,34
524,I Belong (Som du ser meg),27
525,Losin' It,2
526,The Good Lie,16
527,Terra (a.k.a. Battle for Terra),20
528,"Plumm Summer, A",32
529,"Imposter, The",17
530,Mr. Saturday Night,13
531,Taste the Blood of Dracula,43
532,Blood from the Mummy's Tomb,28
533,Children of the Corn,28
534,Why Not Me? (Pourquoi pas moi ?),15
535,"Elephant in the Living Room, The",7
536,Nanny McPhee,5
537,Camera Buff (Amator),5
538,Terumae romae (Thermae Romae),46
539,Chronic Town,39
540,Princesas,20
541,Last Days in Vietnam,31
542,Cold Moon (Lune froide),11
543,Call Me Savage,30
544,Fire Birds,10
545,"Quiet Duel, The (Shizukanaru ketto)",20
546,North West Frontier,30
547,"Oh, Susanna!",35
548,Walker,15
549,Who's Singin' Over There? (a.k.a. Who Sings Over There) (Ko to tamo peva),35
550,For Heaven's Sake,28
551,Tarzan,47
552,"Beautiful Person, The (La belle personne)",7
553,Switching Channels,9
554,Cries and Whispers (Viskningar och rop),44
555,Bad Luck Love,21
556,Operación Cannabis,37
557,"Most Dangerous Man in America: Daniel Ellsberg and the Pentagon Papers, The",4
558,Rabbit Hole,28
559,"Adventures of Tintin, The",17
560,Much Ado About Nothing,45
561,"Broken Circle Breakdown, The",23
562,April Fool's Day,10
563,"Thousand Words, A",3
564,"Illusionist, The",2
565,Three Comrades,1
566,Takva: A Man's Fear of God,33
567,Säg att du älskar mig,31
568,Miracle at St. Anna,24
569,Still Bill,13
570,American Drug War: The Last White Hope,35
571,Truly Human (Et rigtigt menneske),34
572,"Hasty Heart, The",25
573,In A Day,3
574,"Keeper, The",21
575,"Take Care of Your Scarf, Tatiana (Pidä huivista kiinni, Tatjana)",48
576,(A)sexual,11
577,9 Star Hotel (Malon 9 Kochavim),26
578,Beautiful,35
579,Grace of Monaco,26
580,High and Dry,39
581,From Noon Till Three,25
582,102 Minutes That Changed America,45
583,It's Complicated,13
584,Father and Guns (De père en flic),33
585,Saw II,4
586,Mary and Max,29
587,On His Own (a.k.a. My Apprenticeship) (V lyudyakh),12
588,Where the Day Takes You,46
589,Six Pack,1
590,Remonstrance,9
591,Two Lovers,43
592,Wild Heritage,16
593,Outcast of the Islands,2
594,Schlussmacher,11
595,Confessions of a Pop Performer,35
596,Brainstorm,11
597,Generation Iron,30
598,Jesus' Son,30
599,Lotta på Bråkmakargatan,42
600,Restoration,5
601,Trigun: Badlands Rumble,4
602,Alex in Wonderland,23
603,From the Earth to the Moon,44
604,Up at the Villa,3
605,My Boy Jack,45
606,Dane Cook: Vicious Circle,36
607,Tom and Jerry: A Nutcracker Tale,23
608,Marley,6
609,"Bucket List, The",33
610,Disaster L.A.,34
611,Eden Log,19
612,Gardens of the Night,26
613,Time to Leave,35
614,Stick,40
615,"Lucky One, The",20
616,"Fallen, The",2
617,"Front, The",20
618,Heroic Cops (Jing wang shuang xiong),50
619,"Hebrew Hammer, The",30
620,Toto le héros,17
621,What Lies Beneath,50
622,Alive,21
623,"Bo Burnham: Words, Words, Words",38
624,Hostage,34
625,Civic Duty,49
626,24: Redemption,6
627,Gigantic,49
628,"Pirate Movie, The",49
629,Kismet,17
630,"Day After, The",32
631,"Rocks (Rad, Das)",22
632,Body Fat Index of Love,36
633,"Last Mimzy, The",38
634,Run of the Arrow,50
635,"New Guy, The",8
636,Don,35
637,"Game of Death, The (Le Jeu de la Mort)",45
638,Take a Giant Step,48
639,"Great Waldo Pepper, The",7
640,Animals are Beautiful People,28
641,The Legend of Awesomest Maximus,8
642,"Glass Web, The",38
643,American Pie Presents The Naked Mile (American Pie 5: The Naked Mile),38
644,Elena and Her Men (Paris Does Strange Things) (Elena et les hommes),16
645,Scusa ma ti chiamo amore,23
646,Chance,27
647,She Gods of Shark Reef,4
648,"Temp, The",21
649,Wartorn: 1861-2010,9
650,"Right Kind of Wrong, The",48
651,Beethoven's 2nd,10
652,"All This, and Heaven Too",47
653,Zatoichi in Desperation (Shin Zatôichi monogatari: Oreta tsue) (Zatôichi 24),21
654,You Were Never Lovelier,29
655,Vital Signs,38
656,"Birder's Guide to Everything, A",10
657,Jönssonligan får guldfeber,48
658,Robinson Crusoe on Mars,14
659,Fraternity Demon,45
660,"Diving Bell and the Butterfly, The (Scaphandre et le papillon, Le)",24
661,Riding in Cars with Boys,5
662,Simon & the Oaks,31
663,"Night of the Shooting Stars (Notte di San Lorenzo, La)",25
664,No Holds Barred,6
665,Diary of a Lost Girl (Tagebuch einer Verlorenen),27
666,"Big Hangover, The",50
667,Red Beard (Akahige),19
668,Tribute,16
669,Murders in the Rue Morgue,40
670,Floundering,41
671,New York: A Documentary Film,30
672,300 Miles to Heaven (300 Mil do Nieba),39
673,Hercules,9
674,Doppelganger (Dopperugengâ),7
675,"Family Jewels, The (Eierdiebe)",41
676,Fifty-Fifty (a.k.a. Schizo) (Shiza),11
677,Model,14
678,"Brats, The (Les gamins)",33
679,Madam Satan,18
680,Pearls of the Deep (Perlicky na dne),24
681,Bye-Bye,47
682,Heartbreak Hotel,46
683,Den sommeren jeg fylte 15,43
684,Barfi!,37
685,"Wog Boy, The",38
686,The Moromete Family,32
687,"Chalk Garden, The",27
688,Going All the Way,27
689,American Hustle,1
690,Aspen Extreme,7
691,My Mother Likes Women (A mi madre le gustan las mujeres),39
692,Afro Samurai: Resurrection,43
693,Ira and Abby,6
694,Together (Han ni Zai Yiki),44
695,Magic Camp,6
696,Frostbitten (Frostbiten),14
697,My Mom's New Boyfriend,22
698,Piranha,11
699,Frankenstein Unbound,31
700,How to Be a Serial Killer,22
701,Dungeons & Dragons,48
702,Hellraiser: Bloodline,11
703,Mail Early for Xmas,12
704,Dragonlance: Dragons of Autumn Twilight,41
705,Re-cycle (Gwai wik),12
706,Little Boy Blue,6
707,Donovan's Echo,47
708,Michael Laudrup - en Fodboldspiller,20
709,They Were Expendable,28
710,Critical Condition,4
711,East Palace West Palace (Dong gong xi gong),48
712,Riki-Oh: The Story of Ricky (Lik Wong),27
713,"Life of David Gale, The",42
714,Two Crimes (Dos crímenes),4
715,Nowhere Boy,5
716,Bad Boys,4
717,Dinotopia: Quest for the Ruby Sunstone,46
718,Mr. Turner,7
719,"Three Stooges Meet Hercules, The",28
720,The Lunchbox,3
721,"Angel at My Table, An",11
722,Moonlight and Cactus,41
723,Murder Over New York,23
724,Last Stand At Saber River,32
725,Outsider,6
726,One Hundred Mornings,13
727,Death and Cremation,20
728,Full Moon High,17
729,Disorderlies,21
730,Hereafter,24
731,Punksters & Youngsters (Punk - Tauti joka ei tapa),9
732,"Food, Inc.",41
733,"Kid for Two Farthings, A",20
734,OT: Our Town,11
735,"Song of Ceylon, The",16
736,Marie Krøyer,45
737,"Thief, The (Vor)",49
738,The Incident,47
739,Stand-In,37
740,Comfort and Joy,50
741,"Machinist, The (Maquinista, El)",9
742,Lady Chatterley,44
743,The Circle,9
744,"Flying Scotsman, The",31
745,Taxi Driver,19
746,"Mystery of Picasso, The (Le mystère Picasso)",29
747,When the Bough Breaks,48
748,Heaven's Prisoners,24
749,Junkopia,22
750,"Accidental Spy, The (Dak miu mai shing)",5
751,Casa de los babys,14
752,"Shakiest Gun in the West, The",30
753,World's Greatest Dad,36
754,Summer of '42,15
755,"Babe Ruth Story, The ",4
756,Camouflage (Barwy ochronne),39
757,Thank Your Lucky Stars,50
758,Take the High Ground!,7
759,"Virgin Suicides, The",24
760,Dandelion,39
761,Tropico,46
762,Deception,50
763,Uncounted: The New Math of American Elections,26
764,Star Maps,10
765,"Siffleurs, Les (Viheltäjät)",37
766,Prospero's Books,21
767,Gervaise,16
768,"First Power, The",2
769,Face to Face (Ansikte mot ansikte),8
770,Maybe Baby,32
771,McFarland USA,49
772,Koi... Mil Gaya,33
773,Good Luck. And Take Care of Each Other,1
774,Dana Carvey: Squatting Monkeys Tell No Lies,33
775,Bad Dreams,42
776,Time Out (L'emploi du temps),47
777,Hello I Must Be Going,44
778,Tribulation,42
779,From Above,34
780,"Adventures of Priscilla, Queen of the Desert, The",25
781,Cannibal Women in the Avocado Jungle of Death,27
782,Penguin Pool Murder,27
783,Chuck & Buck,11
784,"Man Who Saw Tomorrow, The",37
785,"Wild Life, The",46
786,"Mysterious X, The (Sealed Orders) (Det hemmelighedsfulde X)",32
787,Shadowlands,41
788,"Brain That Wouldn't Die, The",10
789,"Driller Killer, The",2
790,Blue Car,41
791,"Wild, The",27
792,Running from Crazy,4
793,Vassilisa the Beautiful (Vasilisa prekrasnaya),35
794,Monster in a Box,46
795,Grease,50
796,"Happiest Days of Your Life, The",31
797,Sky High,47
798,"Man Called Peter, A",44
799,"Big, Large and Verdone",11
800,King Kong Escapes (Kingu Kongu no gyakushû),41
801,Meatballs Part II,16
802,Snow Falling on Cedars,42
803,"Dark Angel, The",27
804,Lone Survivor,50
805,Something the Lord Made,45
806,Blazing Guns,49
807,David Cross: Let America Laugh,14
808,Secret Window,26
809,"Perks of Being a Wallflower, The",40
810,Bringing Up Baby,48
811,"Silence of the Lambs, The",5
812,"Possession, The",25
813,Orca: The Killer Whale,9
814,Monte Carlo,6
815,"Night Strangler, The",18
816,It's Complicated,21
817,Drop Zone,48
818,"Seventh Cross, The",22
819,ZMD: Zombies of Mass Destruction,22
820,Santa with Muscles,31
821,"Santa Clause 2, The",33
822,Honeydripper,1
823,Magic in the Water,47
824,My Father and the Man in Black,36
825,"Quo Vadis, Baby?",11
826,The Passerby,39
827,My Way (Mai Wei),25
828,Machine Gun Preacher,31
829,Family Life,4
830,Michael Jackson's This Is It,22
831,"Starving Games, The",21
832,Beautiful Creatures,11
833,For Ever Mozart,29
834,Film ist. 7-12,41
835,Under the Age,48
836,Annie Hall,42
837,Eraserhead,23
838,"Judgement in Stone, A (Cérémonie, La)",5
839,Apollo 13,10
840,Il Capitano,7
841,Looking for Palladin,6
842,March of the Wooden Soldiers (a.k.a. Babes in Toyland),12
843,Post Grad,40
844,"Oath, The",17
845,Midnight Crossing,3
846,Far,39
847,7 Below (Seven Below),10
848,A Fugitive from the Past,5
849,Tales That Witness Madness,27
850,Starred Up,13
851,FernGully 2: The Magical Rescue,18
852,"Swell Season, The",11
853,Charlie Chan in Panama,35
854,I Am Maria (Jag är Maria),39
855,Krrish,10
856,Without Warning (a.k.a. Alien Warning) (a.k.a. It Came Without Warning),35
857,Waiting...,2
858,Pygmalion,31
859,Fate (Yazgi),44
860,Christmas Comes but Once a Year,40
861,Demonlover,45
862,"Glass Menagerie, The",48
863,"Soupe aux Choux, La",44
864,Bob the Butler,47
865,Who Am I? (Wo shi shei),50
866,By the Bluest of Seas (U samogo sinego morya),2
867,Spy(ies) (Espion(s)),22
868,Hogfather (Terry Pratchett's Hogfather),17
869,"Tale of Despereaux, The",8
870,"Hijack That Went South, The (Kaappari)",35
871,Die Weihnachtsklempner,43
872,Djomeh,1
873,The Fox & the Child,17
874,Killing Words (Palabras encadenadas),33
875,Heist,30
876,Heroine,30
877,Up!,29
878,50 First Dates,20
879,Mask,34
880,"Virgin Queen, The",6
881,Wishmaster,34
882,Gasht-e ershad,36
883,What Have They Done to Your Daughters?,15
884,"Oversimplification of Her Beauty, An",44
885,Kagemusha,46
886,Anacondas: The Hunt for the Blood Orchid,47
887,Warning Shadows (Schatten - Eine nächtliche Halluzination),28
888,Monsters vs Aliens: Mutant Pumpkins from Outer Space,18
889,Odette Toulemonde,2
890,"Toll of the Sea, The",18
891,Bound for Glory,19
892,"Wicker Man, The",32
893,Bob the Butler,41
894,Clouds of Sils Maria,49
895,"That Night in Varennes (Nuit de Varennes, La)",9
896,Across the Line: The Exodus of Charlie Wright,1
897,"Mudlark, The",34
898,"Tender Hook, The (Boxer and the Bombshell, The)",26
899,Aspen,33
900,"Princess and the Goblin, The",11
901,Varg Veum - Bitter Flowers (Varg Veum - Bitre Blomster),5
902,"South, The (Lomalla)",20
903,Cardcaptor Sakura: The Sealed Card,48
904,Black Sheep (Schwarze Schafe),35
905,"Last American Virgin, The",47
906,The Story of Robin Hood and His Merrie Men,34
907,"Monk and the Fish, The (Le moine et le poisson)",14
908,Split Second,3
909,Daydreams,49
910,À nous la liberté (Freedom for Us),1
911,"Burning Hot Summer, A (Un été brûlant)",12
912,Brazil: In the Shadow of the Stadiums,17
913,Wilby Wonderful,45
914,Teenage Mutant Ninja Turtles: Turtles Forever,31
915,Men in the City (Männerherzen),17
916,"Fish Called Wanda, A",42
917,Lady Chatterley,10
918,Monogamy ,42
919,"Visit, The",31
920,Taps,8
921,Scarlet Diva,43
922,No Way Out,14
923,What Planet Are You From?,1
924,Closure,37
925,Johnny Belinda,44
926,"Code, The",36
927,300: Rise of an Empire,1
928,Flight,46
929,Beaufort,35
930,Motivational Growth,42
931,My Sister's Keeper,25
932,Crossover,33
933,Imago mortis,48
934,Leaving (Partir),40
935,Twogether,48
936,Devil's Doorway,45
937,Under the Sand,47
938,Once You're Born You Can No Longer Hide (Quando sei nato non puoi più nasconderti),1
939,Karen Cries on the Bus,18
940,Amuck!,5
941,Rookie of the Year,2
942,State Property 2,25
943,Where Is Fred!? (Wo ist Fred?),40
944,Love and Basketball,9
945,Cookie's Fortune,43
946,'Til There Was You,46
947,Smashing Pumpkins: Vieuphoria,17
948,"Fuck You, Goethe (Fack Ju Göhte)",36
949,"Ice House, The",32
950,"Old Man and the Sea, The",7
951,"Bitch, The (La chienne)",28
952,All Things Fair (Lust och fägring stor),46
953,From Dusk Till Dawn,31
954,Planet Hulk,24
955,"Arise, My Love",4
956,Monsieur Batignole,11
957,3 Needles,3
958,"Machine That Kills Bad People, The (La Macchina Ammazzacattivi)",33
959,"N Word, The",23
960,Mein Kampf,5
961,"Boondock Saints II: All Saints Day, The",15
962,In the House,11
963,Thin Ice,19
964,The Walking Hills,33
965,These Amazing Shadows,44
966,Spriggan (Supurigan),2
967,"Married Couple, A",14
968,"Seduction of Joe Tynan, The",2
969,Mahogany,10
970,Autohystoria,24
971,Still Mine,50
972,"Raisin in the Sun, A",48
973,California Suite,32
974,"Go, Go Second Time Virgin (Yuke yuke nidome no shojo)",34
975,Seoul Searching,9
976,Jacqueline Susann's Once Is Not Enough,36
977,"Perfect Human, The (Perfekte Menneske, Det)",7
978,Grace,37
979,"Greatest Story Ever Told, The",27
980,Sound and Fury,23
981,Free Fall,29
982,Barfi!,39
983,Julie Johnson,44
984,It's All Gone Pete Tong,10
985,"Criminal Code, The",16
986,Last Exit,17
987,Frontrunners,1
988,Brown Sugar,15
989,The Haunting of Helena,1
990,Midnight Cowboy,8
991,Slither,45
992,"Cincinnati Kid, The",28
993,"Armstrong Lie, The",42
994,American Heist,39
995,Foreign Land (Terra Estrangeira),28
996,"Mambo Kings, The",34
997,Crossing Over,1
998,Interstella 5555: The 5tory of the 5ecret 5tar 5ystem,17
999,Drunken Tai Chi (Siu taai gik),24
1000,"Secrets, The (Sodot, Ha-)",13
