id,first_name,last_name,area_id
1,April,Rampton,79
2,Charin,Johananoff,47
3,Minnaminnie,Rankmore,16
4,Paulie,Breslau,43
5,Anthia,Budleigh,25
6,Joella,Braime,42
7,Johnathan,Raspin,56
8,Emmerich,Graal,57
9,Mack,Selliman,45
10,Thorvald,Edeson,13
11,Giana,Redwing,7
12,Tadio,Phizackerly,42
13,Minor,Gloves,10
14,Astrid,Medford,38
15,Lurline,Izen,51
16,Roshelle,Reddyhoff,39
17,Farly,Carlsson,5
18,Patrice,Blundon,6
19,Joey,Benian,44
20,Wandie,Joanic,91
21,Ingar,Cackett,81
22,Goldia,Warbys,46
23,Odetta,McGinly,25
24,Hertha,Reymers,37
25,Berti,Lomas,60
26,Moses,de Almeida,45
27,Anastasie,Handke,4
28,Iolanthe,Gellett,53
29,Ronda,Birkbeck,34
30,Eldon,Crystal,78
31,Osborn,Dade,49
32,Marga,Enderby,33
33,Mable,Skydall,35
34,Merrielle,Stebbings,84
35,Reiko,Bohman,17
36,Suzette,Frigout,50
37,Ferrell,Durning,9
38,Ivett,Servante,56
39,Ilyssa,Dunn,80
40,Irwinn,Ragot,72
41,Edee,Zanussii,54
42,Mariya,Callington,53
43,Madeleine,Burgne,82
44,Ethyl,McMenamin,62
45,Hayward,Diegan,36
46,Renault,Ramstead,87
47,Josee,Hacun,76
48,Titus,Corzon,81
49,Joannes,Shelliday,100
50,Antonella,Mabbot,100
